Origin City,Destination City,Domestic/International,CarrierAA,Class Type,Ticket Count,Ticket Amount,Flight Miles
RALEIGH DURHAM,SAN FRANCISCO,DOMESTIC            ,AMERICAN AIRLINES,BUSINESS,1,233.98,"2,412"
RALEIGH DURHAM,SAN FRANCISCO,DOMESTIC            ,AMERICAN AIRLINES,BUSINESS,1,349.69,"2,412"
RALEIGH DURHAM,SAN FRANCISCO,DOMESTIC            ,AMERICAN AIRLINES,BUSINESS,1,190.35,"2,412"
RALEIGH DURHAM,SAN FRANCISCO,DOMESTIC            ,AMERICAN AIRLINES,BUSINESS,1,191.47,"2,412"
RALEIGH DURHAM,SAN FRANCISCO,DOMESTIC            ,AMERICAN AIRLINES,BUSINESS,1,275.4,"2,412"
RALEIGH DURHAM,SAN FRANCISCO,DOMESTIC            ,AMERICAN AIRLINES,BUSINESS,1,481.14,"2,412"
RALEIGH DURHAM,SAN FRANCISCO,DOMESTIC            ,AMERICAN AIRLINES,BUSINESS,1,180.93,"2,412"
RALEIGH DURHAM,SAN FRANCISCO,DOMESTIC            ,AMERICAN AIRLINES,BUSINESS,1,218.19,"2,412"
RALEIGH DURHAM,SAN FRANCISCO,DOMESTIC            ,AMERICAN AIRLINES,BUSINESS,1,256.68,"2,412"
RALEIGH DURHAM,SAN FRANCISCO,DOMESTIC            ,AMERICAN AIRLINES,BUSINESS,1,434.96,"2,412"
RALEIGH DURHAM,SAN FRANCISCO,DOMESTIC            ,AMERICAN AIRLINES,BUSINESS,1,376.72,"2,412"
RALEIGH DURHAM,SAN FRANCISCO,DOMESTIC            ,AMERICAN AIRLINES,BUSINESS,1,478.76,"2,412"
RALEIGH DURHAM,SAN FRANCISCO,DOMESTIC            ,AMERICAN AIRLINES,BUSINESS,1,326.95,"2,412"
RALEIGH DURHAM,SAN FRANCISCO,DOMESTIC            ,AMERICAN AIRLINES,BUSINESS,1,323.38,"4,824"
RALEIGH DURHAM,SAN FRANCISCO,DOMESTIC            ,AMERICAN AIRLINES,BUSINESS,1,315.27,"2,412"
RALEIGH DURHAM,SAN FRANCISCO,DOMESTIC            ,AMERICAN AIRLINES,BUSINESS,1,316.16,"2,412"
RALEIGH DURHAM,SAN FRANCISCO,DOMESTIC            ,AMERICAN AIRLINES,BUSINESS,1,558.95,"2,412"
RALEIGH DURHAM,SAN FRANCISCO,DOMESTIC            ,AMERICAN AIRLINES,BUSINESS,1,192.14,"2,412"
RALEIGH DURHAM,SAN FRANCISCO,DOMESTIC            ,AMERICAN AIRLINES,BUSINESS,1,184.94,"2,412"
RALEIGH DURHAM,SAN FRANCISCO,DOMESTIC            ,AMERICAN AIRLINES,BUSINESS,1,395.72,"4,824"
RALEIGH DURHAM,SAN FRANCISCO,DOMESTIC            ,AMERICAN AIRLINES,BUSINESS,1,291.13,"2,412"
RALEIGH DURHAM,SAN FRANCISCO,DOMESTIC            ,AMERICAN AIRLINES,BUSINESS,1,298.61,"2,412"
RALEIGH DURHAM,SAN FRANCISCO,DOMESTIC            ,AMERICAN AIRLINES,BUSINESS,1,704.61,"4,824"
RALEIGH DURHAM,SAN FRANCISCO,DOMESTIC            ,AMERICAN AIRLINES,BUSINESS,1,441.61,"2,412"
RALEIGH DURHAM,SAN FRANCISCO,DOMESTIC            ,AMERICAN AIRLINES,BUSINESS,1,184.4,"2,412"
RALEIGH DURHAM,SAN FRANCISCO,DOMESTIC            ,AMERICAN AIRLINES,BUSINESS,1,0,"2,412"
RALEIGH DURHAM,SAN FRANCISCO,DOMESTIC            ,AMERICAN AIRLINES,BUSINESS,1,586.78,"2,412"
RALEIGH DURHAM,SAN FRANCISCO,DOMESTIC            ,AMERICAN AIRLINES,BUSINESS,1,409.64,"2,412"
RALEIGH DURHAM,SAN FRANCISCO,DOMESTIC            ,AMERICAN AIRLINES,BUSINESS,1,454.91,"2,412"
RALEIGH DURHAM,SAN FRANCISCO,DOMESTIC            ,AMERICAN AIRLINES,BUSINESS,1,529.12,"2,412"
RALEIGH DURHAM,SAN FRANCISCO,DOMESTIC            ,AMERICAN AIRLINES,BUSINESS,1,212.18,"2,412"
RALEIGH DURHAM,SAN FRANCISCO,DOMESTIC            ,AMERICAN AIRLINES,BUSINESS,1,267.93,"2,412"
RALEIGH DURHAM,SAN FRANCISCO,DOMESTIC            ,AMERICAN AIRLINES,BUSINESS,1,274.92,"2,412"
RALEIGH DURHAM,SAN FRANCISCO,DOMESTIC            ,AMERICAN AIRLINES,BUSINESS,1,278.24,"2,412"
RALEIGH DURHAM,SAN FRANCISCO,DOMESTIC            ,AMERICAN AIRLINES,BUSINESS,1,439.72,"2,412"
RALEIGH DURHAM,SAN FRANCISCO,DOMESTIC            ,AMERICAN AIRLINES,BUSINESS,1,457.8,"2,412"
RALEIGH DURHAM,SAN FRANCISCO,DOMESTIC            ,AMERICAN AIRLINES,BUSINESS,1,318.27,"2,412"
RALEIGH DURHAM,SAN FRANCISCO,DOMESTIC            ,AMERICAN AIRLINES,BUSINESS,1,215.91,"2,412"
RALEIGH DURHAM,SAN FRANCISCO,DOMESTIC            ,AMERICAN AIRLINES,BUSINESS,1,319.94,"2,412"
RALEIGH DURHAM,SAN FRANCISCO,DOMESTIC            ,AMERICAN AIRLINES,BUSINESS,1,287.19,"2,412"
RALEIGH DURHAM,SAN FRANCISCO,DOMESTIC            ,AMERICAN AIRLINES,BUSINESS,1,311.57,"2,412"
RALEIGH DURHAM,SAN FRANCISCO,DOMESTIC            ,AMERICAN AIRLINES,BUSINESS,1,316.02,"2,412"
RALEIGH DURHAM,SAN FRANCISCO,DOMESTIC            ,AMERICAN AIRLINES,BUSINESS,1,526.75,"2,412"
RALEIGH DURHAM,SAN FRANCISCO,DOMESTIC            ,AMERICAN AIRLINES,BUSINESS,1,455.62,"2,412"
RALEIGH DURHAM,SAN FRANCISCO,DOMESTIC            ,AMERICAN AIRLINES,BUSINESS,1,455.62,"2,412"
RALEIGH DURHAM,SAN FRANCISCO,DOMESTIC            ,AMERICAN AIRLINES,BUSINESS,1,458.7,"2,412"
RALEIGH DURHAM,SAN FRANCISCO,DOMESTIC            ,AMERICAN AIRLINES,BUSINESS,1,288.4,"2,412"
RALEIGH DURHAM,SAN FRANCISCO,DOMESTIC            ,AMERICAN AIRLINES,BUSINESS,1,189.05,"2,412"
RALEIGH DURHAM,SAN FRANCISCO,DOMESTIC            ,AMERICAN AIRLINES,BUSINESS,1,291.28,"2,412"
RALEIGH DURHAM,SAN FRANCISCO,DOMESTIC            ,UNITED AIRLINES,BUSINESS,1,285.85,"2,412"
RALEIGH DURHAM,SAN FRANCISCO,DOMESTIC            ,UNITED AIRLINES,BUSINESS,1,285.43,"2,412"
RALEIGH DURHAM,SAN FRANCISCO,DOMESTIC            ,UNITED AIRLINES,BUSINESS,1,285.85,"2,412"
RALEIGH DURHAM,SAN FRANCISCO,DOMESTIC            ,UNITED AIRLINES,BUSINESS,1,322.14,"2,412"
RALEIGH DURHAM,SAN FRANCISCO,DOMESTIC            ,UNITED AIRLINES,BUSINESS,1,292.63,"2,412"
RALEIGH DURHAM,SAN FRANCISCO,DOMESTIC            ,UNITED AIRLINES,BUSINESS,1,0,"4,824"
RALEIGH DURHAM,SAN FRANCISCO,DOMESTIC            ,UNITED AIRLINES,BUSINESS,1,412.66,"2,412"
RALEIGH DURHAM,SAN FRANCISCO,DOMESTIC            ,UNITED AIRLINES,BUSINESS,1,286.25,"2,412"
RALEIGH DURHAM,SAN FRANCISCO,DOMESTIC            ,UNITED AIRLINES,BUSINESS,1,412.66,"2,412"
RALEIGH DURHAM,SAN FRANCISCO,DOMESTIC            ,UNITED AIRLINES,BUSINESS,1,285.43,"2,412"
RALEIGH DURHAM,SAN FRANCISCO,DOMESTIC            ,UNITED AIRLINES,BUSINESS,1,207.64,"2,412"
RALEIGH DURHAM,SAN FRANCISCO,DOMESTIC            ,UNITED AIRLINES,BUSINESS,1,286.25,"2,412"
RALEIGH DURHAM,SAN FRANCISCO,DOMESTIC            ,UNITED AIRLINES,BUSINESS,1,147.9,"4,824"
RALEIGH DURHAM,SAN FRANCISCO,DOMESTIC            ,UNITED AIRLINES,BUSINESS,1,362.38,"2,412"
RALEIGH DURHAM,SAN FRANCISCO,DOMESTIC            ,UNITED AIRLINES,BUSINESS,1,182.09,"2,412"
RALEIGH DURHAM,SAN FRANCISCO,DOMESTIC            ,UNITED AIRLINES,BUSINESS,1,329.05,"2,412"
RALEIGH DURHAM,SAN FRANCISCO,DOMESTIC            ,UNITED AIRLINES,BUSINESS,1,194.71,"2,412"
RALEIGH DURHAM,SAN FRANCISCO,DOMESTIC            ,UNITED AIRLINES,FIRST,1,"1,095.32","4,824"
RALEIGH DURHAM,SAN FRANCISCO,DOMESTIC            ,UNITED AIRLINES,BUSINESS,1,195.63,"2,412"
RALEIGH DURHAM,SAN FRANCISCO,DOMESTIC            ,UNITED AIRLINES,BUSINESS,1,194.19,"2,412"
RALEIGH DURHAM,SAN FRANCISCO,DOMESTIC            ,UNITED AIRLINES,BUSINESS,1,180.71,"2,412"
RALEIGH DURHAM,SAN FRANCISCO,DOMESTIC            ,UNITED AIRLINES,BUSINESS,1,180.71,"2,412"
RALEIGH DURHAM,SAN FRANCISCO,DOMESTIC            ,UNITED AIRLINES,BUSINESS,1,195.33,"2,412"
RALEIGH DURHAM,SAN FRANCISCO,DOMESTIC            ,UNITED AIRLINES,BUSINESS,1,195.33,"2,412"
RALEIGH DURHAM,SAN FRANCISCO,DOMESTIC            ,UNITED AIRLINES,BUSINESS,1,194.42,"2,412"
RALEIGH DURHAM,SAN FRANCISCO,DOMESTIC            ,UNITED AIRLINES,BUSINESS,1,222.47,"2,412"
RALEIGH DURHAM,SAN FRANCISCO,DOMESTIC            ,UNITED AIRLINES,BUSINESS,1,478.67,"2,412"
RALEIGH DURHAM,SAN FRANCISCO,DOMESTIC            ,UNITED AIRLINES,BUSINESS,1,409.01,"2,412"
RALEIGH DURHAM,SAN FRANCISCO,DOMESTIC            ,UNITED AIRLINES,BUSINESS,1,194.71,"2,412"
RALEIGH DURHAM,SAN FRANCISCO,DOMESTIC            ,UNITED AIRLINES,BUSINESS,1,181.2,"2,412"
RALEIGH DURHAM,SAN FRANCISCO,DOMESTIC            ,UNITED AIRLINES,BUSINESS,1,180.71,"2,412"
RALEIGH DURHAM,SAN FRANCISCO,DOMESTIC            ,UNITED AIRLINES,BUSINESS,1,181.81,"2,412"
RALEIGH DURHAM,SAN FRANCISCO,DOMESTIC            ,UNITED AIRLINES,BUSINESS,1,493.52,"2,412"
RALEIGH DURHAM,SAN FRANCISCO,DOMESTIC            ,UNITED AIRLINES,BUSINESS,1,477.96,"2,412"
RALEIGH DURHAM,SAN FRANCISCO,DOMESTIC            ,UNITED AIRLINES,BUSINESS,1,194.42,"2,412"
RALEIGH DURHAM,SAN FRANCISCO,DOMESTIC            ,UNITED AIRLINES,BUSINESS,1,195.67,"2,412"
RALEIGH DURHAM,SAN FRANCISCO,DOMESTIC            ,UNITED AIRLINES,BUSINESS,1,195.17,"2,412"
RALEIGH DURHAM,SAN FRANCISCO,DOMESTIC            ,UNITED AIRLINES,BUSINESS,1,195.63,"2,412"
RALEIGH DURHAM,SAN FRANCISCO,DOMESTIC            ,UNITED AIRLINES,BUSINESS,1,195.63,"2,412"
RALEIGH DURHAM,SAN FRANCISCO,DOMESTIC            ,UNITED AIRLINES,BUSINESS,1,324.76,"2,412"
RALEIGH DURHAM,SAN FRANCISCO,DOMESTIC            ,UNITED AIRLINES,BUSINESS,1,324.76,"2,412"
RALEIGH DURHAM,SAN FRANCISCO,DOMESTIC            ,UNITED AIRLINES,BUSINESS,1,323.95,"2,412"
RALEIGH DURHAM,SAN FRANCISCO,DOMESTIC            ,UNITED AIRLINES,BUSINESS,1,148.8,"4,824"
RALEIGH DURHAM,SAN FRANCISCO,DOMESTIC            ,UNITED AIRLINES,BUSINESS,1,195.33,"2,412"
RALEIGH DURHAM,SAN FRANCISCO,DOMESTIC            ,UNITED AIRLINES,BUSINESS,1,195.17,"2,412"
RALEIGH DURHAM,SAN FRANCISCO,DOMESTIC            ,UNITED AIRLINES,BUSINESS,1,222.29,"2,412"
RALEIGH DURHAM,SAN FRANCISCO,DOMESTIC            ,UNITED AIRLINES,BUSINESS,1,324.76,"2,412"
RALEIGH DURHAM,SAN FRANCISCO,DOMESTIC            ,UNITED AIRLINES,BUSINESS,1,195.63,"2,412"
RALEIGH DURHAM,SAN FRANCISCO,DOMESTIC            ,UNITED AIRLINES,BUSINESS,1,195.36,"2,412"
RALEIGH DURHAM,SAN FRANCISCO,DOMESTIC            ,UNITED AIRLINES,BUSINESS,1,148.68,"4,824"
RALEIGH DURHAM,SAN FRANCISCO,DOMESTIC            ,UNITED AIRLINES,BUSINESS,1,361.85,"2,412"
RALEIGH DURHAM,SAN FRANCISCO,DOMESTIC            ,UNITED AIRLINES,BUSINESS,1,361.85,"2,412"
RALEIGH DURHAM,SAN FRANCISCO,DOMESTIC            ,UNITED AIRLINES,BUSINESS,1,406.41,"2,412"
RALEIGH DURHAM,SAN FRANCISCO,DOMESTIC            ,UNITED AIRLINES,BUSINESS,1,222.28,"2,412"
RALEIGH DURHAM,SAN FRANCISCO,DOMESTIC            ,UNITED AIRLINES,FIRST,1,"2,049.00","2,412"
RALEIGH DURHAM,SAN FRANCISCO,DOMESTIC            ,UNITED AIRLINES,BUSINESS,1,310.16,"2,412"
RALEIGH DURHAM,SAN FRANCISCO,DOMESTIC            ,UNITED AIRLINES,BUSINESS,1,193.86,"2,412"
RALEIGH DURHAM,SAN FRANCISCO,DOMESTIC            ,UNITED AIRLINES,BUSINESS,1,480.18,"2,412"
RALEIGH DURHAM,SAN FRANCISCO,DOMESTIC            ,UNITED AIRLINES,BUSINESS,1,477.96,"2,412"
RALEIGH DURHAM,SAN FRANCISCO,DOMESTIC            ,UNITED AIRLINES,BUSINESS,1,515.8,"2,412"
RALEIGH DURHAM,SAN FRANCISCO,DOMESTIC            ,UNITED AIRLINES,BUSINESS,1,555.02,"2,412"
RALEIGH DURHAM,SAN FRANCISCO,DOMESTIC            ,UNITED AIRLINES,BUSINESS,1,555.02,"2,412"
RALEIGH DURHAM,SAN FRANCISCO,DOMESTIC            ,UNITED AIRLINES,BUSINESS,1,360.8,"2,412"
RALEIGH DURHAM,SAN FRANCISCO,DOMESTIC            ,UNITED AIRLINES,BUSINESS,1,405.24,"2,412"
RALEIGH DURHAM,SAN FRANCISCO,DOMESTIC            ,UNITED AIRLINES,BUSINESS,1,364.16,"2,412"
RALEIGH DURHAM,SAN FRANCISCO,DOMESTIC            ,UNITED AIRLINES,BUSINESS,1,302.91,"2,412"
RALEIGH DURHAM,SAN FRANCISCO,DOMESTIC            ,UNITED AIRLINES,BUSINESS,1,302.91,"2,412"
RALEIGH DURHAM,SAN FRANCISCO,DOMESTIC            ,UNITED AIRLINES,BUSINESS,1,327.16,"2,412"
RALEIGH DURHAM,SAN FRANCISCO,DOMESTIC            ,UNITED AIRLINES,BUSINESS,1,407.98,"2,412"
RALEIGH DURHAM,SAN FRANCISCO,DOMESTIC            ,UNITED AIRLINES,BUSINESS,1,401.98,"2,412"
RALEIGH DURHAM,SAN FRANCISCO,DOMESTIC            ,UNITED AIRLINES,BUSINESS,1,294.98,"2,412"
RALEIGH DURHAM,SAN FRANCISCO,DOMESTIC            ,UNITED AIRLINES,BUSINESS,1,911.32,"2,412"
RALEIGH DURHAM,SAN FRANCISCO,DOMESTIC            ,UNITED AIRLINES,BUSINESS,1,560.08,"2,412"
RALEIGH DURHAM,SAN FRANCISCO,DOMESTIC            ,UNITED AIRLINES,BUSINESS,1,493.52,"2,412"
RALEIGH DURHAM,SAN FRANCISCO,DOMESTIC            ,UNITED AIRLINES,BUSINESS,1,493.14,"2,412"
RALEIGH DURHAM,SAN FRANCISCO,DOMESTIC            ,UNITED AIRLINES,BUSINESS,1,294.39,"2,412"
RALEIGH DURHAM,SAN FRANCISCO,DOMESTIC            ,UNITED AIRLINES,FIRST,1,"2,890.39","2,412"
RALEIGH DURHAM,SAN FRANCISCO,DOMESTIC            ,UNITED AIRLINES,BUSINESS,1,356.48,"2,412"
RALEIGH DURHAM,SAN FRANCISCO,DOMESTIC            ,UNITED AIRLINES,BUSINESS,1,294.96,"2,412"
RALEIGH DURHAM,SAN FRANCISCO,DOMESTIC            ,UNITED AIRLINES,BUSINESS,1,906.84,"2,412"
RALEIGH DURHAM,SAN FRANCISCO,DOMESTIC            ,UNITED AIRLINES,BUSINESS,1,260.07,"2,412"
RALEIGH DURHAM,SAN FRANCISCO,DOMESTIC            ,UNITED AIRLINES,BUSINESS,1,284.87,"2,412"
RALEIGH DURHAM,SAN FRANCISCO,DOMESTIC            ,UNITED AIRLINES,BUSINESS,1,168.7,"2,412"
RALEIGH DURHAM,SAN FRANCISCO,DOMESTIC            ,UNITED AIRLINES,BUSINESS,1,494.67,"2,412"
RALEIGH DURHAM,SAN FRANCISCO,DOMESTIC            ,UNITED AIRLINES,BUSINESS,1,285.66,"2,412"
RALEIGH DURHAM,SAN FRANCISCO,DOMESTIC            ,UNITED AIRLINES,BUSINESS,1,285.69,"2,412"
RALEIGH DURHAM,SAN FRANCISCO,DOMESTIC            ,UNITED AIRLINES,BUSINESS,1,284.87,"2,412"
RALEIGH DURHAM,SAN FRANCISCO,DOMESTIC            ,UNITED AIRLINES,BUSINESS,1,182.31,"2,412"
RALEIGH DURHAM,SAN FRANCISCO,DOMESTIC            ,UNITED AIRLINES,BUSINESS,1,182.16,"2,412"
RALEIGH DURHAM,SAN FRANCISCO,DOMESTIC            ,UNITED AIRLINES,BUSINESS,1,361.91,"2,412"
RALEIGH DURHAM,SAN FRANCISCO,DOMESTIC            ,UNITED AIRLINES,BUSINESS,1,358.09,"2,412"
RALEIGH DURHAM,SAN FRANCISCO,DOMESTIC            ,UNITED AIRLINES,BUSINESS,1,482.25,"2,412"
RALEIGH DURHAM,SAN FRANCISCO,DOMESTIC            ,UNITED AIRLINES,BUSINESS,1,494.67,"2,412"
RALEIGH DURHAM,SAN FRANCISCO,DOMESTIC            ,UNITED AIRLINES,BUSINESS,1,295.49,"2,412"
RALEIGH DURHAM,SAN FRANCISCO,DOMESTIC            ,UNITED AIRLINES,BUSINESS,1,494.22,"2,412"
RALEIGH DURHAM,SAN FRANCISCO,DOMESTIC            ,UNITED AIRLINES,BUSINESS,1,497.76,"2,412"
RALEIGH DURHAM,SAN FRANCISCO,DOMESTIC            ,UNITED AIRLINES,BUSINESS,1,299.59,"2,412"
RALEIGH DURHAM,SAN FRANCISCO,DOMESTIC            ,UNITED AIRLINES,BUSINESS,1,184.4,"2,412"
RALEIGH DURHAM,SAN FRANCISCO,DOMESTIC            ,UNITED AIRLINES,BUSINESS,1,299.59,"2,412"
RALEIGH DURHAM,SAN FRANCISCO,DOMESTIC            ,UNITED AIRLINES,BUSINESS,1,300.58,"2,412"
RALEIGH DURHAM,SAN FRANCISCO,DOMESTIC            ,UNITED AIRLINES,BUSINESS,1,816.57,"2,412"
RALEIGH DURHAM,SAN FRANCISCO,DOMESTIC            ,UNITED AIRLINES,BUSINESS,1,195.93,"2,412"
RALEIGH DURHAM,SAN FRANCISCO,DOMESTIC            ,UNITED AIRLINES,BUSINESS,1,211.92,"2,412"
RALEIGH DURHAM,SAN FRANCISCO,DOMESTIC            ,UNITED AIRLINES,BUSINESS,1,196.59,"2,412"
RALEIGH DURHAM,SAN FRANCISCO,DOMESTIC            ,UNITED AIRLINES,BUSINESS,1,238.53,"2,412"
RALEIGH DURHAM,SAN FRANCISCO,DOMESTIC            ,UNITED AIRLINES,BUSINESS,1,300.58,"2,412"
RALEIGH DURHAM,SAN FRANCISCO,DOMESTIC            ,UNITED AIRLINES,BUSINESS,1,299.59,"2,412"
RALEIGH DURHAM,SAN FRANCISCO,DOMESTIC            ,UNITED AIRLINES,BUSINESS,1,265.94,"2,412"
RALEIGH DURHAM,SAN FRANCISCO,DOMESTIC            ,UNITED AIRLINES,BUSINESS,1,402.37,"2,412"
RALEIGH DURHAM,SAN FRANCISCO,DOMESTIC            ,UNITED AIRLINES,BUSINESS,1,356.82,"2,412"
RALEIGH DURHAM,SAN FRANCISCO,DOMESTIC            ,UNITED AIRLINES,BUSINESS,1,358.51,"4,824"
RALEIGH DURHAM,SAN FRANCISCO,DOMESTIC            ,UNITED AIRLINES,BUSINESS,1,267.72,"2,412"
RALEIGH DURHAM,SAN FRANCISCO,DOMESTIC            ,UNITED AIRLINES,BUSINESS,1,212.54,"2,412"
RALEIGH DURHAM,SAN FRANCISCO,DOMESTIC            ,UNITED AIRLINES,BUSINESS,1,408.52,"2,412"
RALEIGH DURHAM,SAN FRANCISCO,DOMESTIC            ,UNITED AIRLINES,BUSINESS,1,209.88,"2,412"
RALEIGH DURHAM,SAN FRANCISCO,DOMESTIC            ,UNITED AIRLINES,BUSINESS,1,197.39,"2,412"
RALEIGH DURHAM,SAN FRANCISCO,DOMESTIC            ,UNITED AIRLINES,BUSINESS,1,212.22,"2,412"
RALEIGH DURHAM,SAN FRANCISCO,DOMESTIC            ,UNITED AIRLINES,BUSINESS,1,210.94,"2,412"
RALEIGH DURHAM,SAN FRANCISCO,DOMESTIC            ,UNITED AIRLINES,BUSINESS,1,298.75,"4,824"
RALEIGH DURHAM,SAN FRANCISCO,DOMESTIC            ,UNITED AIRLINES,BUSINESS,1,300.58,"2,412"
RALEIGH DURHAM,SAN FRANCISCO,DOMESTIC            ,UNITED AIRLINES,BUSINESS,1,265.73,"2,412"
RALEIGH DURHAM,SAN FRANCISCO,DOMESTIC            ,UNITED AIRLINES,BUSINESS,1,183.32,"2,412"
RALEIGH DURHAM,SAN FRANCISCO,DOMESTIC            ,UNITED AIRLINES,BUSINESS,1,299.59,"2,412"
RALEIGH DURHAM,SAN FRANCISCO,DOMESTIC            ,UNITED AIRLINES,BUSINESS,1,298.88,"2,412"
RALEIGH DURHAM,SAN FRANCISCO,DOMESTIC            ,UNITED AIRLINES,BUSINESS,1,295.76,"2,412"
RALEIGH DURHAM,SAN FRANCISCO,DOMESTIC            ,UNITED AIRLINES,BUSINESS,1,0,"4,824"
RALEIGH DURHAM,SAN FRANCISCO,DOMESTIC            ,UNITED AIRLINES,BUSINESS,1,0,"4,824"
RALEIGH DURHAM,SAN FRANCISCO,DOMESTIC            ,UNITED AIRLINES,BUSINESS,1,362.43,"2,412"
RALEIGH DURHAM,SAN FRANCISCO,DOMESTIC            ,UNITED AIRLINES,BUSINESS,1,323.81,"2,412"
RALEIGH DURHAM,SAN FRANCISCO,DOMESTIC            ,UNITED AIRLINES,BUSINESS,1,494.67,"2,412"
RALEIGH DURHAM,SAN FRANCISCO,DOMESTIC            ,UNITED AIRLINES,BUSINESS,1,196.99,"2,412"
RALEIGH DURHAM,SAN FRANCISCO,DOMESTIC            ,UNITED AIRLINES,BUSINESS,1,151.37,"4,824"
RALEIGH DURHAM,SAN FRANCISCO,DOMESTIC            ,UNITED AIRLINES,BUSINESS,1,324.1,"2,412"
RALEIGH DURHAM,SAN FRANCISCO,DOMESTIC            ,UNITED AIRLINES,BUSINESS,1,0,"2,412"
RALEIGH DURHAM,SAN FRANCISCO,DOMESTIC            ,UNITED AIRLINES,BUSINESS,1,197.23,"2,412"
RALEIGH DURHAM,SAN FRANCISCO,DOMESTIC            ,UNITED AIRLINES,BUSINESS,1,494.67,"2,412"
RALEIGH DURHAM,SAN FRANCISCO,DOMESTIC            ,UNITED AIRLINES,BUSINESS,1,562.49,"2,412"
RALEIGH DURHAM,SAN FRANCISCO,DOMESTIC            ,UNITED AIRLINES,BUSINESS,1,211.11,"2,412"
RALEIGH DURHAM,SAN FRANCISCO,DOMESTIC            ,UNITED AIRLINES,BUSINESS,1,494.22,"2,412"
RALEIGH DURHAM,SAN FRANCISCO,DOMESTIC            ,UNITED AIRLINES,BUSINESS,1,210.94,"2,412"
RALEIGH DURHAM,SAN FRANCISCO,DOMESTIC            ,UNITED AIRLINES,BUSINESS,1,302.76,"2,412"
RALEIGH DURHAM,SAN FRANCISCO,DOMESTIC            ,UNITED AIRLINES,BUSINESS,1,302.76,"2,412"
RALEIGH DURHAM,SAN FRANCISCO,DOMESTIC            ,UNITED AIRLINES,FIRST,1,"1,101.33","2,412"
RALEIGH DURHAM,SAN FRANCISCO,DOMESTIC            ,UNITED AIRLINES,BUSINESS,1,501.29,"2,412"
RALEIGH DURHAM,SAN FRANCISCO,DOMESTIC            ,UNITED AIRLINES,BUSINESS,1,918.94,"2,412"
RALEIGH DURHAM,SAN FRANCISCO,DOMESTIC            ,UNITED AIRLINES,BUSINESS,1,298.88,"2,412"
RALEIGH DURHAM,SAN FRANCISCO,DOMESTIC            ,UNITED AIRLINES,BUSINESS,1,324.1,"2,412"
RALEIGH DURHAM,SAN FRANCISCO,DOMESTIC            ,UNITED AIRLINES,FIRST,1,"2,068.62","2,412"
RALEIGH DURHAM,SAN FRANCISCO,DOMESTIC            ,UNITED AIRLINES,BUSINESS,1,562.49,"2,412"
RALEIGH DURHAM,SAN FRANCISCO,DOMESTIC            ,UNITED AIRLINES,BUSINESS,1,184.4,"2,412"
RALEIGH DURHAM,SAN FRANCISCO,DOMESTIC            ,UNITED AIRLINES,BUSINESS,1,495.95,"2,412"
RALEIGH DURHAM,SAN FRANCISCO,DOMESTIC            ,UNITED AIRLINES,BUSINESS,1,327.51,"2,412"
RALEIGH DURHAM,SAN FRANCISCO,DOMESTIC            ,UNITED AIRLINES,BUSINESS,1,263.98,"2,412"
RALEIGH DURHAM,SAN FRANCISCO,DOMESTIC            ,UNITED AIRLINES,BUSINESS,1,404.41,"2,412"
RALEIGH DURHAM,SAN FRANCISCO,DOMESTIC            ,UNITED AIRLINES,BUSINESS,1,360.52,"2,412"
RALEIGH DURHAM,SAN FRANCISCO,DOMESTIC            ,UNITED AIRLINES,BUSINESS,1,561.68,"2,412"
RALEIGH DURHAM,SAN FRANCISCO,DOMESTIC            ,UNITED AIRLINES,BUSINESS,1,209.68,"2,412"
RALEIGH DURHAM,SAN FRANCISCO,DOMESTIC            ,UNITED AIRLINES,BUSINESS,1,301.58,"2,412"
RALEIGH DURHAM,SAN FRANCISCO,DOMESTIC            ,UNITED AIRLINES,FIRST,1,"1,094.66","2,412"
RALEIGH DURHAM,SAN FRANCISCO,DOMESTIC            ,UNITED AIRLINES,BUSINESS,1,297.61,"2,412"
RALEIGH DURHAM,SAN FRANCISCO,DOMESTIC            ,UNITED AIRLINES,BUSINESS,1,407.34,"2,412"
RALEIGH DURHAM,SAN FRANCISCO,DOMESTIC            ,UNITED AIRLINES,BUSINESS,1,360.54,"2,412"
RALEIGH DURHAM,SAN FRANCISCO,DOMESTIC            ,UNITED AIRLINES,BUSINESS,1,359.79,"2,412"
RALEIGH DURHAM,SAN FRANCISCO,DOMESTIC            ,UNITED AIRLINES,BUSINESS,1,199.93,"2,412"
RALEIGH DURHAM,SAN FRANCISCO,DOMESTIC            ,UNITED AIRLINES,BUSINESS,1,149.36,"4,824"
RALEIGH DURHAM,SAN FRANCISCO,DOMESTIC            ,UNITED AIRLINES,BUSINESS,1,499.91,"2,412"
RALEIGH DURHAM,SAN FRANCISCO,DOMESTIC            ,UNITED AIRLINES,BUSINESS,1,494.61,"2,412"
RALEIGH DURHAM,SAN FRANCISCO,DOMESTIC            ,UNITED AIRLINES,BUSINESS,1,405.44,"2,412"
RALEIGH DURHAM,SAN FRANCISCO,DOMESTIC            ,UNITED AIRLINES,BUSINESS,1,360.54,"2,412"
RALEIGH DURHAM,SAN FRANCISCO,DOMESTIC            ,UNITED AIRLINES,BUSINESS,1,196.02,"2,412"
RALEIGH DURHAM,SAN FRANCISCO,DOMESTIC            ,UNITED AIRLINES,BUSINESS,1,196.59,"2,412"
RALEIGH DURHAM,SAN FRANCISCO,DOMESTIC            ,UNITED AIRLINES,BUSINESS,1,196.59,"2,412"
RALEIGH DURHAM,SAN FRANCISCO,DOMESTIC            ,UNITED AIRLINES,BUSINESS,1,263.98,"2,412"
RALEIGH DURHAM,SAN FRANCISCO,DOMESTIC            ,UNITED AIRLINES,FIRST,1,"2,074.65","2,412"
RALEIGH DURHAM,SAN FRANCISCO,DOMESTIC            ,UNITED AIRLINES,BUSINESS,1,485.49,"2,412"
RALEIGH DURHAM,SAN FRANCISCO,DOMESTIC            ,UNITED AIRLINES,BUSINESS,1,497.99,"2,412"
RALEIGH DURHAM,SAN FRANCISCO,DOMESTIC            ,UNITED AIRLINES,BUSINESS,1,640.69,"2,412"
RALEIGH DURHAM,SAN FRANCISCO,DOMESTIC            ,UNITED AIRLINES,BUSINESS,1,503.31,"2,412"
RALEIGH DURHAM,SAN FRANCISCO,DOMESTIC            ,UNITED AIRLINES,BUSINESS,1,503.29,"2,412"
RALEIGH DURHAM,SAN FRANCISCO,DOMESTIC            ,UNITED AIRLINES,BUSINESS,1,634.69,"2,412"
RALEIGH DURHAM,SAN FRANCISCO,DOMESTIC            ,UNITED AIRLINES,BUSINESS,1,495.09,"2,412"
RALEIGH DURHAM,SAN FRANCISCO,DOMESTIC            ,UNITED AIRLINES,BUSINESS,1,300.97,"2,412"
RALEIGH DURHAM,SAN FRANCISCO,DOMESTIC            ,UNITED AIRLINES,BUSINESS,1,497.99,"2,412"
RALEIGH DURHAM,SAN FRANCISCO,DOMESTIC            ,UNITED AIRLINES,BUSINESS,1,495.09,"2,412"
RALEIGH DURHAM,SAN FRANCISCO,DOMESTIC            ,UNITED AIRLINES,BUSINESS,1,324.06,"2,412"
RALEIGH DURHAM,SAN FRANCISCO,DOMESTIC            ,UNITED AIRLINES,BUSINESS,1,494.61,"2,412"
RALEIGH DURHAM,SAN FRANCISCO,DOMESTIC            ,UNITED AIRLINES,BUSINESS,1,497.57,"2,412"
RALEIGH DURHAM,SAN FRANCISCO,DOMESTIC            ,UNITED AIRLINES,BUSINESS,1,555.39,"2,412"
RALEIGH DURHAM,SAN FRANCISCO,DOMESTIC            ,UNITED AIRLINES,BUSINESS,1,325.6,"2,412"
RALEIGH DURHAM,SAN FRANCISCO,DOMESTIC            ,UNITED AIRLINES,BUSINESS,1,647.71,"2,412"
RALEIGH DURHAM,SAN FRANCISCO,DOMESTIC            ,UNITED AIRLINES,BUSINESS,1,558.39,"2,412"
RALEIGH DURHAM,SAN FRANCISCO,DOMESTIC            ,UNITED AIRLINES,BUSINESS,1,469.77,"2,412"
RALEIGH DURHAM,SAN FRANCISCO,DOMESTIC            ,UNITED AIRLINES,BUSINESS,1,311.9,"2,412"
RALEIGH DURHAM,SAN FRANCISCO,DOMESTIC            ,UNITED AIRLINES,BUSINESS,1,312.35,"2,412"
RALEIGH DURHAM,SAN FRANCISCO,DOMESTIC            ,UNITED AIRLINES,BUSINESS,1,183.76,"2,412"
RALEIGH DURHAM,SAN FRANCISCO,DOMESTIC            ,UNITED AIRLINES,BUSINESS,1,183.64,"2,412"
RALEIGH DURHAM,SAN FRANCISCO,DOMESTIC            ,UNITED AIRLINES,BUSINESS,1,183.67,"2,412"
RALEIGH DURHAM,SAN FRANCISCO,DOMESTIC            ,UNITED AIRLINES,BUSINESS,1,318.55,"2,412"
RALEIGH DURHAM,SAN FRANCISCO,DOMESTIC            ,UNITED AIRLINES,FIRST,1,"2,092.29","2,412"
RALEIGH DURHAM,SAN FRANCISCO,DOMESTIC            ,UNITED AIRLINES,BUSINESS,1,237.65,"2,412"
RALEIGH DURHAM,SAN FRANCISCO,DOMESTIC            ,UNITED AIRLINES,BUSINESS,1,283.72,"2,412"
RALEIGH DURHAM,SAN FRANCISCO,DOMESTIC            ,UNITED AIRLINES,BUSINESS,1,479.31,"4,824"
RALEIGH DURHAM,SAN FRANCISCO,DOMESTIC            ,UNITED AIRLINES,BUSINESS,1,283.87,"2,412"
RALEIGH DURHAM,SAN FRANCISCO,DOMESTIC            ,UNITED AIRLINES,BUSINESS,1,196.67,"2,412"
RALEIGH DURHAM,SAN FRANCISCO,DOMESTIC            ,UNITED AIRLINES,BUSINESS,1,282.73,"2,412"
RALEIGH DURHAM,SAN FRANCISCO,DOMESTIC            ,UNITED AIRLINES,BUSINESS,1,283.22,"2,412"
RALEIGH DURHAM,SAN FRANCISCO,DOMESTIC            ,UNITED AIRLINES,BUSINESS,1,283.22,"2,412"
RALEIGH DURHAM,SAN FRANCISCO,DOMESTIC            ,UNITED AIRLINES,BUSINESS,1,291.36,"2,412"
RALEIGH DURHAM,SAN FRANCISCO,DOMESTIC            ,UNITED AIRLINES,BUSINESS,1,282.51,"2,412"
RALEIGH DURHAM,SAN FRANCISCO,DOMESTIC            ,UNITED AIRLINES,BUSINESS,1,196.67,"2,412"
RALEIGH DURHAM,SAN FRANCISCO,DOMESTIC            ,UNITED AIRLINES,BUSINESS,1,283.68,"2,412"
RALEIGH DURHAM,SAN FRANCISCO,DOMESTIC            ,UNITED AIRLINES,BUSINESS,1,283.63,"2,412"
RALEIGH DURHAM,SAN FRANCISCO,DOMESTIC            ,UNITED AIRLINES,BUSINESS,1,283.63,"2,412"
RALEIGH DURHAM,SAN FRANCISCO,DOMESTIC            ,UNITED AIRLINES,BUSINESS,1,283.22,"2,412"
RALEIGH DURHAM,SAN FRANCISCO,DOMESTIC            ,UNITED AIRLINES,BUSINESS,1,283.22,"2,412"
RALEIGH DURHAM,SAN FRANCISCO,DOMESTIC            ,UNITED AIRLINES,BUSINESS,1,329.74,"2,412"
RALEIGH DURHAM,SAN FRANCISCO,DOMESTIC            ,UNITED AIRLINES,BUSINESS,1,282.51,"2,412"
RALEIGH DURHAM,SAN FRANCISCO,DOMESTIC            ,UNITED AIRLINES,BUSINESS,1,283.76,"2,412"
RALEIGH DURHAM,SAN FRANCISCO,DOMESTIC            ,UNITED AIRLINES,BUSINESS,1,150.08,"4,824"
RALEIGH DURHAM,SAN FRANCISCO,DOMESTIC            ,UNITED AIRLINES,BUSINESS,1,704.38,"2,412"
RALEIGH DURHAM,SAN FRANCISCO,DOMESTIC            ,UNITED AIRLINES,BUSINESS,1,312.54,"2,412"
RALEIGH DURHAM,SAN FRANCISCO,DOMESTIC            ,UNITED AIRLINES,BUSINESS,1,284.18,"2,412"
RALEIGH DURHAM,SAN FRANCISCO,DOMESTIC            ,UNITED AIRLINES,BUSINESS,1,404.99,"2,412"
RALEIGH DURHAM,SAN FRANCISCO,DOMESTIC            ,UNITED AIRLINES,BUSINESS,1,315.85,"2,412"
RALEIGH DURHAM,SAN FRANCISCO,DOMESTIC            ,UNITED AIRLINES,BUSINESS,1,301.01,"2,412"
RALEIGH DURHAM,SAN FRANCISCO,DOMESTIC            ,UNITED AIRLINES,BUSINESS,1,302.03,"2,412"
RALEIGH DURHAM,SAN FRANCISCO,DOMESTIC            ,UNITED AIRLINES,BUSINESS,1,283.24,"2,412"
RALEIGH DURHAM,SAN FRANCISCO,DOMESTIC            ,UNITED AIRLINES,BUSINESS,1,283.76,"2,412"
RALEIGH DURHAM,SAN FRANCISCO,DOMESTIC            ,UNITED AIRLINES,BUSINESS,1,283.76,"2,412"
RALEIGH DURHAM,SAN FRANCISCO,DOMESTIC            ,UNITED AIRLINES,BUSINESS,1,404.99,"2,412"
RALEIGH DURHAM,SAN FRANCISCO,DOMESTIC            ,UNITED AIRLINES,BUSINESS,1,351.42,"2,412"
RALEIGH DURHAM,SAN FRANCISCO,DOMESTIC            ,UNITED AIRLINES,BUSINESS,1,302.03,"2,412"
RALEIGH DURHAM,SAN FRANCISCO,DOMESTIC            ,UNITED AIRLINES,FIRST,1,"2,069.16","2,412"
RALEIGH DURHAM,SAN FRANCISCO,DOMESTIC            ,UNITED AIRLINES,BUSINESS,1,541.94,"2,412"
RALEIGH DURHAM,SAN FRANCISCO,DOMESTIC            ,UNITED AIRLINES,BUSINESS,1,511.59,"2,412"
RALEIGH DURHAM,SAN FRANCISCO,DOMESTIC            ,UNITED AIRLINES,BUSINESS,1,511.59,"2,412"
RALEIGH DURHAM,SAN FRANCISCO,DOMESTIC            ,UNITED AIRLINES,BUSINESS,1,511.59,"2,412"
RALEIGH DURHAM,SAN FRANCISCO,DOMESTIC            ,UNITED AIRLINES,BUSINESS,1,511.59,"2,412"
RALEIGH DURHAM,SAN FRANCISCO,DOMESTIC            ,UNITED AIRLINES,BUSINESS,1,367.87,"2,412"
RALEIGH DURHAM,SAN FRANCISCO,DOMESTIC            ,UNITED AIRLINES,BUSINESS,1,312.54,"2,412"
RALEIGH DURHAM,SAN FRANCISCO,DOMESTIC            ,UNITED AIRLINES,BUSINESS,1,301.5,"2,412"
RALEIGH DURHAM,SAN FRANCISCO,DOMESTIC            ,UNITED AIRLINES,BUSINESS,1,301.5,"2,412"
RALEIGH DURHAM,SAN FRANCISCO,DOMESTIC            ,UNITED AIRLINES,BUSINESS,1,422.09,"2,412"
RALEIGH DURHAM,SAN FRANCISCO,DOMESTIC            ,UNITED AIRLINES,BUSINESS,1,325.64,"2,412"
RALEIGH DURHAM,SAN FRANCISCO,DOMESTIC            ,UNITED AIRLINES,BUSINESS,1,326.1,"2,412"
RALEIGH DURHAM,SAN FRANCISCO,DOMESTIC            ,UNITED AIRLINES,BUSINESS,1,301.5,"2,412"
RALEIGH DURHAM,SAN FRANCISCO,DOMESTIC            ,UNITED AIRLINES,BUSINESS,1,301.5,"2,412"
RALEIGH DURHAM,SAN FRANCISCO,DOMESTIC            ,UNITED AIRLINES,BUSINESS,1,301.5,"2,412"
RALEIGH DURHAM,SAN FRANCISCO,DOMESTIC            ,UNITED AIRLINES,BUSINESS,1,325.64,"2,412"
RALEIGH DURHAM,SAN FRANCISCO,DOMESTIC            ,UNITED AIRLINES,BUSINESS,1,150.08,"4,824"
RALEIGH DURHAM,SAN FRANCISCO,DOMESTIC            ,UNITED AIRLINES,BUSINESS,1,302.03,"2,412"
RALEIGH DURHAM,SAN FRANCISCO,DOMESTIC            ,UNITED AIRLINES,BUSINESS,1,405.7,"2,412"
RALEIGH DURHAM,SAN FRANCISCO,DOMESTIC            ,UNITED AIRLINES,BUSINESS,1,301.54,"2,412"
RALEIGH DURHAM,SAN FRANCISCO,DOMESTIC            ,UNITED AIRLINES,BUSINESS,1,326.38,"2,412"
RALEIGH DURHAM,SAN FRANCISCO,DOMESTIC            ,UNITED AIRLINES,BUSINESS,1,313.62,"2,412"
RALEIGH DURHAM,SAN FRANCISCO,DOMESTIC            ,UNITED AIRLINES,BUSINESS,1,319.64,"2,412"
RALEIGH DURHAM,SAN FRANCISCO,DOMESTIC            ,UNITED AIRLINES,BUSINESS,1,311.88,"2,412"
RALEIGH DURHAM,SAN FRANCISCO,DOMESTIC            ,UNITED AIRLINES,BUSINESS,1,302.03,"2,412"
RALEIGH DURHAM,SAN FRANCISCO,DOMESTIC            ,UNITED AIRLINES,BUSINESS,1,315.85,"2,412"
RALEIGH DURHAM,SAN FRANCISCO,DOMESTIC            ,UNITED AIRLINES,BUSINESS,1,311.88,"2,412"
RALEIGH DURHAM,SAN FRANCISCO,DOMESTIC            ,UNITED AIRLINES,BUSINESS,1,558.46,"2,412"
RALEIGH DURHAM,SAN FRANCISCO,DOMESTIC            ,UNITED AIRLINES,BUSINESS,1,648.93,"2,412"
RALEIGH DURHAM,SAN FRANCISCO,DOMESTIC            ,UNITED AIRLINES,FIRST,1,"2,074.38","2,412"
RALEIGH DURHAM,SAN FRANCISCO,DOMESTIC            ,UNITED AIRLINES,BUSINESS,1,313.85,"2,412"
RALEIGH DURHAM,SAN FRANCISCO,DOMESTIC            ,UNITED AIRLINES,BUSINESS,1,647.83,"2,412"
RALEIGH DURHAM,SAN FRANCISCO,DOMESTIC            ,UNITED AIRLINES,BUSINESS,1,149.5,"4,824"
RALEIGH DURHAM,SAN FRANCISCO,DOMESTIC            ,UNITED AIRLINES,BUSINESS,1,182.88,"2,412"
RALEIGH DURHAM,SAN FRANCISCO,DOMESTIC            ,UNITED AIRLINES,BUSINESS,1,211.1,"2,412"
RALEIGH DURHAM,SAN FRANCISCO,DOMESTIC            ,UNITED AIRLINES,BUSINESS,1,465.46,"2,412"
RALEIGH DURHAM,SAN FRANCISCO,DOMESTIC            ,UNITED AIRLINES,BUSINESS,1,465.46,"2,412"
RALEIGH DURHAM,SAN FRANCISCO,DOMESTIC            ,UNITED AIRLINES,BUSINESS,1,333.56,"2,412"
RALEIGH DURHAM,SAN FRANCISCO,DOMESTIC            ,UNITED AIRLINES,FIRST,1,"2,073.86","2,412"
RALEIGH DURHAM,SAN FRANCISCO,DOMESTIC            ,UNITED AIRLINES,BUSINESS,1,315.85,"2,412"
RALEIGH DURHAM,SAN FRANCISCO,DOMESTIC            ,UNITED AIRLINES,BUSINESS,1,318.55,"2,412"
RALEIGH DURHAM,SAN FRANCISCO,DOMESTIC            ,UNITED AIRLINES,BUSINESS,1,648.85,"2,412"
RALEIGH DURHAM,SAN FRANCISCO,DOMESTIC            ,UNITED AIRLINES,BUSINESS,1,312.35,"2,412"
RALEIGH DURHAM,SAN FRANCISCO,DOMESTIC            ,UNITED AIRLINES,BUSINESS,1,301.54,"2,412"
RALEIGH DURHAM,SAN FRANCISCO,DOMESTIC            ,UNITED AIRLINES,BUSINESS,1,326.38,"2,412"
RALEIGH DURHAM,SAN FRANCISCO,DOMESTIC            ,UNITED AIRLINES,BUSINESS,1,463.24,"2,412"
RALEIGH DURHAM,SAN FRANCISCO,DOMESTIC            ,UNITED AIRLINES,BUSINESS,1,336.42,"2,412"
RALEIGH DURHAM,SAN FRANCISCO,DOMESTIC            ,UNITED AIRLINES,BUSINESS,1,287.75,"2,412"
RALEIGH DURHAM,SAN FRANCISCO,DOMESTIC            ,UNITED AIRLINES,BUSINESS,1,311.88,"2,412"
RALEIGH DURHAM,SAN FRANCISCO,DOMESTIC            ,UNITED AIRLINES,BUSINESS,1,312.35,"2,412"
RALEIGH DURHAM,SAN FRANCISCO,DOMESTIC            ,UNITED AIRLINES,BUSINESS,1,333.56,"2,412"
RALEIGH DURHAM,SAN FRANCISCO,DOMESTIC            ,UNITED AIRLINES,BUSINESS,1,264.77,"2,412"
RALEIGH DURHAM,SAN FRANCISCO,DOMESTIC            ,UNITED AIRLINES,BUSINESS,1,326.21,"2,412"
RALEIGH DURHAM,SAN FRANCISCO,DOMESTIC            ,UNITED AIRLINES,BUSINESS,1,326.21,"2,412"
RALEIGH DURHAM,SAN FRANCISCO,DOMESTIC            ,UNITED AIRLINES,BUSINESS,1,326.21,"2,412"
RALEIGH DURHAM,SAN FRANCISCO,DOMESTIC            ,UNITED AIRLINES,BUSINESS,1,336.42,"2,412"
RALEIGH DURHAM,SAN FRANCISCO,DOMESTIC            ,UNITED AIRLINES,BUSINESS,1,336.42,"2,412"
RALEIGH DURHAM,SAN FRANCISCO,DOMESTIC            ,UNITED AIRLINES,BUSINESS,1,463.24,"2,412"
RALEIGH DURHAM,SAN FRANCISCO,DOMESTIC            ,UNITED AIRLINES,BUSINESS,1,313.85,"2,412"
RALEIGH DURHAM,SAN FRANCISCO,DOMESTIC            ,UNITED AIRLINES,BUSINESS,1,336.42,"2,412"
RALEIGH DURHAM,SAN FRANCISCO,DOMESTIC            ,UNITED AIRLINES,BUSINESS,1,498.7,"2,412"
RALEIGH DURHAM,SAN FRANCISCO,DOMESTIC            ,UNITED AIRLINES,BUSINESS,1,311.9,"2,412"
RALEIGH DURHAM,SAN FRANCISCO,DOMESTIC            ,UNITED AIRLINES,BUSINESS,1,498.7,"2,412"
RALEIGH DURHAM,SAN FRANCISCO,DOMESTIC            ,UNITED AIRLINES,BUSINESS,1,336.42,"2,412"
RALEIGH DURHAM,SAN FRANCISCO,DOMESTIC            ,UNITED AIRLINES,BUSINESS,1,326.25,"2,412"
RALEIGH DURHAM,SAN FRANCISCO,DOMESTIC            ,UNITED AIRLINES,BUSINESS,1,313.4,"2,412"
RALEIGH DURHAM,SAN FRANCISCO,DOMESTIC            ,UNITED AIRLINES,BUSINESS,1,301.58,"2,412"
RALEIGH DURHAM,SAN FRANCISCO,DOMESTIC            ,UNITED AIRLINES,BUSINESS,1,333.56,"2,412"
RALEIGH DURHAM,SAN FRANCISCO,DOMESTIC            ,UNITED AIRLINES,BUSINESS,1,301.03,"2,412"
RALEIGH DURHAM,SAN FRANCISCO,DOMESTIC            ,UNITED AIRLINES,BUSINESS,1,337.23,"2,412"
RALEIGH DURHAM,SAN FRANCISCO,DOMESTIC            ,UNITED AIRLINES,BUSINESS,1,300.25,"2,412"
RALEIGH DURHAM,SAN FRANCISCO,DOMESTIC            ,UNITED AIRLINES,BUSINESS,1,313.62,"2,412"
RALEIGH DURHAM,SAN FRANCISCO,DOMESTIC            ,UNITED AIRLINES,BUSINESS,1,331.34,"2,412"
RALEIGH DURHAM,SAN FRANCISCO,DOMESTIC            ,UNITED AIRLINES,BUSINESS,1,358.07,"2,412"
RALEIGH DURHAM,SAN FRANCISCO,DOMESTIC            ,UNITED AIRLINES,BUSINESS,1,313.62,"2,412"
RALEIGH DURHAM,SAN FRANCISCO,DOMESTIC            ,UNITED AIRLINES,BUSINESS,1,358.93,"2,412"
RALEIGH DURHAM,SAN FRANCISCO,DOMESTIC            ,UNITED AIRLINES,BUSINESS,1,469.68,"2,412"
RALEIGH DURHAM,SAN FRANCISCO,DOMESTIC            ,UNITED AIRLINES,BUSINESS,1,361.13,"2,412"
RALEIGH DURHAM,SAN FRANCISCO,DOMESTIC            ,UNITED AIRLINES,BUSINESS,1,311.88,"2,412"
RALEIGH DURHAM,SAN FRANCISCO,DOMESTIC            ,UNITED AIRLINES,BUSINESS,1,312.35,"2,412"
RALEIGH DURHAM,SAN FRANCISCO,DOMESTIC            ,UNITED AIRLINES,BUSINESS,1,647.83,"2,412"
RALEIGH DURHAM,SAN FRANCISCO,DOMESTIC            ,UNITED AIRLINES,BUSINESS,1,494.57,"2,412"
RALEIGH DURHAM,SAN FRANCISCO,DOMESTIC            ,UNITED AIRLINES,BUSINESS,1,463.24,"2,412"
RALEIGH DURHAM,SAN FRANCISCO,DOMESTIC            ,UNITED AIRLINES,BUSINESS,1,463.24,"2,412"
RALEIGH DURHAM,SAN FRANCISCO,DOMESTIC            ,UNITED AIRLINES,BUSINESS,1,402.34,"2,412"
RALEIGH DURHAM,SAN FRANCISCO,DOMESTIC            ,UNITED AIRLINES,BUSINESS,1,332,"2,412"
RALEIGH DURHAM,SAN FRANCISCO,DOMESTIC            ,UNITED AIRLINES,BUSINESS,1,494.57,"2,412"
RALEIGH DURHAM,SAN FRANCISCO,DOMESTIC            ,UNITED AIRLINES,BUSINESS,1,645.86,"2,412"
RALEIGH DURHAM,SAN FRANCISCO,DOMESTIC            ,UNITED AIRLINES,BUSINESS,1,498.8,"2,412"
RALEIGH DURHAM,SAN FRANCISCO,DOMESTIC            ,UNITED AIRLINES,BUSINESS,1,463.24,"2,412"
RALEIGH DURHAM,SAN FRANCISCO,DOMESTIC            ,UNITED AIRLINES,BUSINESS,1,226.08,"4,824"
RALEIGH DURHAM,SAN FRANCISCO,DOMESTIC            ,UNITED AIRLINES,BUSINESS,1,645.86,"2,412"
RALEIGH DURHAM,SAN FRANCISCO,DOMESTIC            ,UNITED AIRLINES,BUSINESS,1,920.02,"2,412"
RALEIGH DURHAM,SAN FRANCISCO,DOMESTIC            ,UNITED AIRLINES,BUSINESS,1,630,"2,412"
RALEIGH DURHAM,SAN FRANCISCO,DOMESTIC            ,UNITED AIRLINES,BUSINESS,1,312.35,"2,412"
RALEIGH DURHAM,SAN FRANCISCO,DOMESTIC            ,UNITED AIRLINES,BUSINESS,1,312.35,"2,412"
RALEIGH DURHAM,SAN FRANCISCO,DOMESTIC            ,UNITED AIRLINES,BUSINESS,1,331.58,"2,412"
RALEIGH DURHAM,SAN FRANCISCO,DOMESTIC            ,UNITED AIRLINES,BUSINESS,1,595.12,"2,412"
RALEIGH DURHAM,SAN FRANCISCO,DOMESTIC            ,UNITED AIRLINES,FIRST,1,"2,069.16","2,412"
RALEIGH DURHAM,SAN FRANCISCO,DOMESTIC            ,UNITED AIRLINES,BUSINESS,1,593.95,"2,412"
RALEIGH DURHAM,SAN FRANCISCO,DOMESTIC            ,UNITED AIRLINES,BUSINESS,1,419.16,"2,412"
RALEIGH DURHAM,SAN FRANCISCO,DOMESTIC            ,UNITED AIRLINES,BUSINESS,1,362.36,"2,412"
RALEIGH DURHAM,SAN FRANCISCO,DOMESTIC            ,UNITED AIRLINES,BUSINESS,1,646.24,"2,412"
RALEIGH DURHAM,SAN FRANCISCO,DOMESTIC            ,UNITED AIRLINES,BUSINESS,1,331.58,"2,412"
RALEIGH DURHAM,SAN FRANCISCO,DOMESTIC            ,UNITED AIRLINES,BUSINESS,1,419.16,"2,412"
RALEIGH DURHAM,SAN FRANCISCO,DOMESTIC            ,UNITED AIRLINES,BUSINESS,1,354.5,"2,412"
RALEIGH DURHAM,SAN FRANCISCO,DOMESTIC            ,UNITED AIRLINES,BUSINESS,1,330.24,"2,412"
RALEIGH DURHAM,SAN FRANCISCO,DOMESTIC            ,UNITED AIRLINES,BUSINESS,1,648.96,"2,412"
RALEIGH DURHAM,SAN FRANCISCO,DOMESTIC            ,UNITED AIRLINES,BUSINESS,1,646.24,"2,412"
RALEIGH DURHAM,SAN FRANCISCO,DOMESTIC            ,UNITED AIRLINES,BUSINESS,1,331.82,"2,412"
RALEIGH DURHAM,SAN FRANCISCO,DOMESTIC            ,UNITED AIRLINES,BUSINESS,1,648.96,"2,412"
RALEIGH DURHAM,SAN FRANCISCO,DOMESTIC            ,UNITED AIRLINES,FIRST,1,"2,071.20","2,412"
RALEIGH DURHAM,SAN FRANCISCO,DOMESTIC            ,UNITED AIRLINES,FIRST,1,0,"4,824"
RALEIGH DURHAM,SAN FRANCISCO,DOMESTIC            ,UNITED AIRLINES,BUSINESS,1,648.49,"2,412"
RALEIGH DURHAM,SAN FRANCISCO,DOMESTIC            ,UNITED AIRLINES,BUSINESS,1,644.89,"2,412"
RALEIGH DURHAM,SAN FRANCISCO,DOMESTIC            ,UNITED AIRLINES,BUSINESS,1,644.89,"2,412"
SAN FRANCISCO,BARCELONA,INTERNATIONAL       ,UNITED AIRLINES,BUSINESS,1,"1,021.93","5,966"
SAN FRANCISCO,BARCELONA,INTERNATIONAL       ,UNITED AIRLINES,BUSINESS,1,567.49,"5,966"
SAN FRANCISCO,BARCELONA,INTERNATIONAL       ,UNITED AIRLINES,BUSINESS,1,"1,002.57","5,966"
SAN FRANCISCO,BARCELONA,INTERNATIONAL       ,UNITED AIRLINES,BUSINESS,1,"1,002.57","5,966"
SAN FRANCISCO,BARCELONA,INTERNATIONAL       ,UNITED AIRLINES,BUSINESS,1,"1,126.14","5,966"
SAN FRANCISCO,BARCELONA,INTERNATIONAL       ,UNITED AIRLINES,BUSINESS,1,788.01,"5,966"
SAN FRANCISCO,BARCELONA,INTERNATIONAL       ,UNITED AIRLINES,FIRST,1,186,"11,932"
SAN FRANCISCO,BARCELONA,INTERNATIONAL       ,UNITED AIRLINES,BUSINESS,1,"1,844.32","5,966"
SAN FRANCISCO,BARCELONA,INTERNATIONAL       ,UNITED AIRLINES,BUSINESS,1,729.95,"5,966"
SAN FRANCISCO,BARCELONA,INTERNATIONAL       ,UNITED AIRLINES,BUSINESS,1,121.04,"5,966"
SAN FRANCISCO,BARCELONA,INTERNATIONAL       ,UNITED AIRLINES,BUSINESS,1,"1,690.97","5,966"
SAN FRANCISCO,BARCELONA,INTERNATIONAL       ,UNITED AIRLINES,BUSINESS,1,"1,253.37","5,966"
SAN FRANCISCO,BARCELONA,INTERNATIONAL       ,UNITED AIRLINES,BUSINESS,1,"5,256.18","5,966"
SAN FRANCISCO,BARCELONA,INTERNATIONAL       ,UNITED AIRLINES,BUSINESS,1,"1,238.32","5,966"
SAN FRANCISCO,BARCELONA,INTERNATIONAL       ,UNITED AIRLINES,BUSINESS,1,"1,241.90","5,966"
SAN FRANCISCO,BARCELONA,INTERNATIONAL       ,UNITED AIRLINES,BUSINESS,1,"1,249.84","5,966"
SAN FRANCISCO,BARCELONA,INTERNATIONAL       ,UNITED AIRLINES,BUSINESS,1,"1,840.66","5,966"
SAN FRANCISCO,BARCELONA,INTERNATIONAL       ,UNITED AIRLINES,BUSINESS,1,502.29,"5,966"
SAN FRANCISCO,BARCELONA,INTERNATIONAL       ,UNITED AIRLINES,BUSINESS,1,341.91,"5,966"
SAN FRANCISCO,BARCELONA,INTERNATIONAL       ,UNITED AIRLINES,BUSINESS,1,502.77,"5,966"
SAN FRANCISCO,BARCELONA,INTERNATIONAL       ,UNITED AIRLINES,BUSINESS,1,"1,103.93","5,966"
SAN FRANCISCO,BARCELONA,INTERNATIONAL       ,UNITED AIRLINES,BUSINESS,1,835.8,"5,966"
SAN FRANCISCO,BARCELONA,INTERNATIONAL       ,UNITED AIRLINES,BUSINESS,1,759.07,"5,966"
SAN FRANCISCO,BARCELONA,INTERNATIONAL       ,UNITED AIRLINES,BUSINESS,1,"5,257.86","5,966"
SAN FRANCISCO,BARCELONA,INTERNATIONAL       ,UNITED AIRLINES,BUSINESS,1,"5,142.68","5,966"
SAN FRANCISCO,BARCELONA,INTERNATIONAL       ,UNITED AIRLINES,BUSINESS,1,"1,287.93","5,966"
SAN FRANCISCO,BARCELONA,INTERNATIONAL       ,UNITED AIRLINES,BUSINESS,1,"1,287.84","5,966"
SAN FRANCISCO,BARCELONA,INTERNATIONAL       ,UNITED AIRLINES,BUSINESS,1,"1,276.72","5,966"
SAN FRANCISCO,BARCELONA,INTERNATIONAL       ,UNITED AIRLINES,BUSINESS,1,661.59,"5,966"
SAN FRANCISCO,BARCELONA,INTERNATIONAL       ,UNITED AIRLINES,BUSINESS,1,662.96,"5,966"
SAN FRANCISCO,BARCELONA,INTERNATIONAL       ,UNITED AIRLINES,BUSINESS,1,662.92,"5,966"
SAN FRANCISCO,BARCELONA,INTERNATIONAL       ,UNITED AIRLINES,BUSINESS,1,"6,763.11","5,966"
SAN FRANCISCO,BARCELONA,INTERNATIONAL       ,UNITED AIRLINES,BUSINESS,1,168.34,"5,966"
SAN FRANCISCO,BARCELONA,INTERNATIONAL       ,UNITED AIRLINES,BUSINESS,1,730.06,"5,966"
SAN FRANCISCO,BARCELONA,INTERNATIONAL       ,UNITED AIRLINES,BUSINESS,1,"6,260.53","5,966"
SAN FRANCISCO,BARCELONA,INTERNATIONAL       ,UNITED AIRLINES,BUSINESS,1,123.3,"5,966"
SAN FRANCISCO,BARCELONA,INTERNATIONAL       ,UNITED AIRLINES,BUSINESS,1,124.14,"5,966"
SAN FRANCISCO,BARCELONA,INTERNATIONAL       ,UNITED AIRLINES,BUSINESS,1,"1,290.34","5,966"
SAN FRANCISCO,BARCELONA,INTERNATIONAL       ,UNITED AIRLINES,BUSINESS,1,"1,324.97","5,966"
SAN FRANCISCO,BARCELONA,INTERNATIONAL       ,UNITED AIRLINES,BUSINESS,1,"1,266.03","5,966"
SAN FRANCISCO,BARCELONA,INTERNATIONAL       ,UNITED AIRLINES,FIRST,1,718.91,"11,932"
SAN FRANCISCO,BARCELONA,INTERNATIONAL       ,UNITED AIRLINES,BUSINESS,1,"3,764.45","5,966"
SAN FRANCISCO,BARCELONA,INTERNATIONAL       ,UNITED AIRLINES,BUSINESS,1,122.46,"5,966"
SAN FRANCISCO,BARCELONA,INTERNATIONAL       ,UNITED AIRLINES,BUSINESS,1,494.82,"5,966"
SAN FRANCISCO,BARCELONA,INTERNATIONAL       ,UNITED AIRLINES,BUSINESS,1,"1,867.56","5,966"
SAN FRANCISCO,BARCELONA,INTERNATIONAL       ,UNITED AIRLINES,BUSINESS,1,330.62,"5,966"
SAN FRANCISCO,BARCELONA,INTERNATIONAL       ,UNITED AIRLINES,BUSINESS,1,"1,263.80","5,966"
SAN FRANCISCO,BARCELONA,INTERNATIONAL       ,UNITED AIRLINES,BUSINESS,1,"1,260.67","5,966"
SAN FRANCISCO,BARCELONA,INTERNATIONAL       ,UNITED AIRLINES,BUSINESS,1,956.98,"5,966"
SAN FRANCISCO,BARCELONA,INTERNATIONAL       ,UNITED AIRLINES,BUSINESS,1,"1,258.45","5,966"
SAN FRANCISCO,BARCELONA,INTERNATIONAL       ,UNITED AIRLINES,BUSINESS,1,"1,255.27","5,966"
SAN FRANCISCO,BARCELONA,INTERNATIONAL       ,UNITED AIRLINES,BUSINESS,1,"6,022.48","5,966"
SAN FRANCISCO,BARCELONA,INTERNATIONAL       ,LUFTHANSA,BUSINESS,1,590.74,"5,966"
SAN FRANCISCO,BARCELONA,INTERNATIONAL       ,AMERICAN AIRLINES,BUSINESS,1,573.75,"5,966"
SAN FRANCISCO,BARCELONA,INTERNATIONAL       ,BRITISH AIRWAYS,BUSINESS,1,"1,731.27","5,966"
SAN FRANCISCO,BARCELONA,INTERNATIONAL       ,LUFTHANSA,BUSINESS,1,"2,057.76","5,966"
SAN FRANCISCO,BARCELONA,INTERNATIONAL       ,LUFTHANSA,BUSINESS,1,"1,853.94","5,966"
SAN FRANCISCO,BARCELONA,INTERNATIONAL       ,UNITED AIRLINES,BUSINESS,1,"1,021.93","5,966"
SAN FRANCISCO,BARCELONA,INTERNATIONAL       ,AMERICAN AIRLINES,BUSINESS,1,427.34,"5,966"
SAN FRANCISCO,BARCELONA,INTERNATIONAL       ,UNITED AIRLINES,BUSINESS,1,567.49,"5,966"
SAN FRANCISCO,BARCELONA,INTERNATIONAL       ,AMERICAN AIRLINES,BUSINESS,1,420.86,"5,966"
SAN FRANCISCO,BARCELONA,INTERNATIONAL       ,BRITISH AIRWAYS,BUSINESS,1,376.48,"5,966"
SAN FRANCISCO,BARCELONA,INTERNATIONAL       ,UNITED AIRLINES,BUSINESS,1,"1,002.57","5,966"
SAN FRANCISCO,BARCELONA,INTERNATIONAL       ,UNITED AIRLINES,BUSINESS,1,"1,002.57","5,966"
SAN FRANCISCO,BARCELONA,INTERNATIONAL       ,UNITED AIRLINES,BUSINESS,1,"1,126.14","5,966"
SAN FRANCISCO,BARCELONA,INTERNATIONAL       ,UNITED AIRLINES,BUSINESS,1,788.01,"5,966"
SAN FRANCISCO,BARCELONA,INTERNATIONAL       ,UNITED AIRLINES,FIRST,1,186,"11,932"
SAN FRANCISCO,BARCELONA,INTERNATIONAL       ,AMERICAN AIRLINES,BUSINESS,1,362.13,"5,966"
SAN FRANCISCO,BARCELONA,INTERNATIONAL       ,BRITISH AIRWAYS,BUSINESS,1,363.5,"5,966"
SAN FRANCISCO,BARCELONA,INTERNATIONAL       ,UNITED AIRLINES,BUSINESS,1,"1,844.32","5,966"
SAN FRANCISCO,BARCELONA,INTERNATIONAL       ,UNITED AIRLINES,BUSINESS,1,729.95,"5,966"
SAN FRANCISCO,BARCELONA,INTERNATIONAL       ,UNITED AIRLINES,BUSINESS,1,121.04,"5,966"
SAN FRANCISCO,BARCELONA,INTERNATIONAL       ,UNITED AIRLINES,BUSINESS,1,"1,690.97","5,966"
SAN FRANCISCO,BARCELONA,INTERNATIONAL       ,UNITED AIRLINES,BUSINESS,1,"1,253.37","5,966"
SAN FRANCISCO,BARCELONA,INTERNATIONAL       ,UNITED AIRLINES,BUSINESS,1,"5,256.18","5,966"
SAN FRANCISCO,BARCELONA,INTERNATIONAL       ,UNITED AIRLINES,BUSINESS,1,"1,238.32","5,966"
SAN FRANCISCO,BARCELONA,INTERNATIONAL       ,UNITED AIRLINES,BUSINESS,1,"1,241.90","5,966"
SAN FRANCISCO,BARCELONA,INTERNATIONAL       ,UNITED AIRLINES,BUSINESS,1,"1,249.84","5,966"
SAN FRANCISCO,BARCELONA,INTERNATIONAL       ,UNITED AIRLINES,BUSINESS,1,"1,840.66","5,966"
SAN FRANCISCO,BARCELONA,INTERNATIONAL       ,UNITED AIRLINES,BUSINESS,1,502.29,"5,966"
SAN FRANCISCO,BARCELONA,INTERNATIONAL       ,UNITED AIRLINES,BUSINESS,1,341.91,"5,966"
SAN FRANCISCO,BARCELONA,INTERNATIONAL       ,LUFTHANSA,BUSINESS,1,130.94,"5,966"
SAN FRANCISCO,BARCELONA,INTERNATIONAL       ,LUFTHANSA,BUSINESS,1,339.91,"5,966"
SAN FRANCISCO,BARCELONA,INTERNATIONAL       ,BRITISH AIRWAYS,BUSINESS,1,145.99,"5,966"
SAN FRANCISCO,BARCELONA,INTERNATIONAL       ,AMERICAN AIRLINES,BUSINESS,1,131.14,"5,966"
SAN FRANCISCO,BARCELONA,INTERNATIONAL       ,BRITISH AIRWAYS,BUSINESS,1,137.16,"5,966"
SAN FRANCISCO,BARCELONA,INTERNATIONAL       ,UNITED AIRLINES,BUSINESS,1,502.77,"5,966"
SAN FRANCISCO,BARCELONA,INTERNATIONAL       ,UNITED AIRLINES,BUSINESS,1,"1,103.93","5,966"
SAN FRANCISCO,BARCELONA,INTERNATIONAL       ,UNITED AIRLINES,BUSINESS,1,835.8,"5,966"
SAN FRANCISCO,BARCELONA,INTERNATIONAL       ,UNITED AIRLINES,BUSINESS,1,759.07,"5,966"
SAN FRANCISCO,BARCELONA,INTERNATIONAL       ,AIR FRANCE,BUSINESS,1,"1,234.47","5,966"
SAN FRANCISCO,BARCELONA,INTERNATIONAL       ,BRITISH AIRWAYS,BUSINESS,1,"1,749.65","5,966"
SAN FRANCISCO,BARCELONA,INTERNATIONAL       ,UNITED AIRLINES,BUSINESS,1,"5,257.86","5,966"
SAN FRANCISCO,BARCELONA,INTERNATIONAL       ,UNITED AIRLINES,BUSINESS,1,"5,142.68","5,966"
SAN FRANCISCO,BARCELONA,INTERNATIONAL       ,UNITED AIRLINES,BUSINESS,1,"1,287.93","5,966"
SAN FRANCISCO,BARCELONA,INTERNATIONAL       ,UNITED AIRLINES,BUSINESS,1,"1,287.84","5,966"
SAN FRANCISCO,BARCELONA,INTERNATIONAL       ,UNITED AIRLINES,BUSINESS,1,"1,276.72","5,966"
SAN FRANCISCO,BARCELONA,INTERNATIONAL       ,LUFTHANSA,BUSINESS,1,"5,257.86","5,966"
SAN FRANCISCO,BARCELONA,INTERNATIONAL       ,UNITED AIRLINES,BUSINESS,1,661.59,"5,966"
SAN FRANCISCO,BARCELONA,INTERNATIONAL       ,BRITISH AIRWAYS,BUSINESS,1,217.62,"5,966"
SAN FRANCISCO,BARCELONA,INTERNATIONAL       ,AMERICAN AIRLINES,BUSINESS,1,122.16,"5,966"
SAN FRANCISCO,BARCELONA,INTERNATIONAL       ,LUFTHANSA,BUSINESS,1,662.92,"5,966"
SAN FRANCISCO,BARCELONA,INTERNATIONAL       ,LUFTHANSA,BUSINESS,1,158.02,"5,966"
SAN FRANCISCO,BARCELONA,INTERNATIONAL       ,UNITED AIRLINES,BUSINESS,1,662.96,"5,966"
SAN FRANCISCO,BARCELONA,INTERNATIONAL       ,UNITED AIRLINES,BUSINESS,1,662.92,"5,966"
SAN FRANCISCO,BARCELONA,INTERNATIONAL       ,AIR FRANCE,BUSINESS,1,142.73,"5,966"
SAN FRANCISCO,BARCELONA,INTERNATIONAL       ,UNITED AIRLINES,BUSINESS,1,"6,763.11","5,966"
SAN FRANCISCO,BARCELONA,INTERNATIONAL       ,UNITED AIRLINES,BUSINESS,1,168.34,"5,966"
SAN FRANCISCO,BARCELONA,INTERNATIONAL       ,AMERICAN AIRLINES,BUSINESS,1,322.41,"5,966"
SAN FRANCISCO,BARCELONA,INTERNATIONAL       ,BRITISH AIRWAYS,BUSINESS,1,30.83,"5,966"
SAN FRANCISCO,BARCELONA,INTERNATIONAL       ,UNITED AIRLINES,BUSINESS,1,730.06,"5,966"
SAN FRANCISCO,BARCELONA,INTERNATIONAL       ,AIR FRANCE,BUSINESS,1,"1,236.10","5,966"
SAN FRANCISCO,BARCELONA,INTERNATIONAL       ,UNITED AIRLINES,BUSINESS,1,"6,260.53","5,966"
SAN FRANCISCO,BARCELONA,INTERNATIONAL       ,AIR FRANCE,BUSINESS,1,"1,225.72","5,966"
SAN FRANCISCO,BARCELONA,INTERNATIONAL       ,LUFTHANSA,BUSINESS,1,874.05,"5,966"
SAN FRANCISCO,BARCELONA,INTERNATIONAL       ,LUFTHANSA,BUSINESS,1,758.34,"5,966"
SAN FRANCISCO,BARCELONA,INTERNATIONAL       ,AMERICAN AIRLINES,BUSINESS,1,523.03,"5,966"
SAN FRANCISCO,BARCELONA,INTERNATIONAL       ,UNITED AIRLINES,BUSINESS,1,123.3,"5,966"
SAN FRANCISCO,BARCELONA,INTERNATIONAL       ,UNITED AIRLINES,BUSINESS,1,124.14,"5,966"
SAN FRANCISCO,BARCELONA,INTERNATIONAL       ,UNITED AIRLINES,BUSINESS,1,"1,290.34","5,966"
SAN FRANCISCO,BARCELONA,INTERNATIONAL       ,BRITISH AIRWAYS,BUSINESS,1,139.26,"5,966"
SAN FRANCISCO,BARCELONA,INTERNATIONAL       ,BRITISH AIRWAYS,BUSINESS,1,136.92,"5,966"
SAN FRANCISCO,BARCELONA,INTERNATIONAL       ,AMERICAN AIRLINES,BUSINESS,1,123.25,"5,966"
SAN FRANCISCO,BARCELONA,INTERNATIONAL       ,BRITISH AIRWAYS,BUSINESS,1,107.47,"5,966"
SAN FRANCISCO,BARCELONA,INTERNATIONAL       ,UNITED AIRLINES,BUSINESS,1,"1,324.97","5,966"
SAN FRANCISCO,BARCELONA,INTERNATIONAL       ,AMERICAN AIRLINES,BUSINESS,1,"3,243.00","5,966"
SAN FRANCISCO,BARCELONA,INTERNATIONAL       ,LUFTHANSA,BUSINESS,1,"6,869.12","5,966"
SAN FRANCISCO,BARCELONA,INTERNATIONAL       ,BRITISH AIRWAYS,BUSINESS,1,"1,140.97","5,966"
SAN FRANCISCO,BARCELONA,INTERNATIONAL       ,UNITED AIRLINES,BUSINESS,1,"1,266.03","5,966"
SAN FRANCISCO,BARCELONA,INTERNATIONAL       ,UNITED AIRLINES,FIRST,1,718.91,"11,932"
SAN FRANCISCO,BARCELONA,INTERNATIONAL       ,LUFTHANSA,BUSINESS,1,124.18,"5,966"
SAN FRANCISCO,BARCELONA,INTERNATIONAL       ,UNITED AIRLINES,BUSINESS,1,"3,764.45","5,966"
SAN FRANCISCO,BARCELONA,INTERNATIONAL       ,UNITED AIRLINES,BUSINESS,1,122.46,"5,966"
SAN FRANCISCO,BARCELONA,INTERNATIONAL       ,UNITED AIRLINES,BUSINESS,1,494.82,"5,966"
SAN FRANCISCO,BARCELONA,INTERNATIONAL       ,UNITED AIRLINES,BUSINESS,1,"1,867.56","5,966"
SAN FRANCISCO,BARCELONA,INTERNATIONAL       ,UNITED AIRLINES,BUSINESS,1,330.62,"5,966"
SAN FRANCISCO,BARCELONA,INTERNATIONAL       ,UNITED AIRLINES,BUSINESS,1,"1,263.80","5,966"
SAN FRANCISCO,BARCELONA,INTERNATIONAL       ,UNITED AIRLINES,BUSINESS,1,"1,260.67","5,966"
SAN FRANCISCO,BARCELONA,INTERNATIONAL       ,LUFTHANSA,BUSINESS,1,"1,258.54","5,966"
SAN FRANCISCO,BARCELONA,INTERNATIONAL       ,UNITED AIRLINES,BUSINESS,1,956.98,"5,966"
SAN FRANCISCO,BARCELONA,INTERNATIONAL       ,UNITED AIRLINES,BUSINESS,1,"1,258.45","5,966"
SAN FRANCISCO,BARCELONA,INTERNATIONAL       ,UNITED AIRLINES,BUSINESS,1,"1,255.27","5,966"
SAN FRANCISCO,BARCELONA,INTERNATIONAL       ,UNITED AIRLINES,BUSINESS,1,"6,022.48","5,966"
SAN FRANCISCO,BARCELONA,INTERNATIONAL       ,LUFTHANSA,BUSINESS,1,492.81,"5,966"
